Adam Farid,27/11/1995,male,CL17/PSB/5332,day,,Iklimatu Adam,Mother,Trader,phobaike@gmail.com,0243002444
Adam Hamza,25/07/1997,male,CL17/PSB/5332,day,,Airi Satou,Father,Accountant,v.harrell@datatables.net,0243002445
Jennifer Acosta,23/03/1999,male,CL17/PSB/5332,day,,Angelica Ramos,Brother,Chief Executive Officer (CEO),phobaike@gmail.com,0243002446
Jennifer Chang,18/11/2000,male,CL17/PSB/5332,day,,Ashton Cox,Uncle,Junior Technical Author,v.harrell@datatables.net,0243002447
Jonas Alexander,17/07/2002,male,CL17/PSB/5332,day,,Bradley Greer,Sister,Software Engineer,phobaike@gmail.com,0243002448
Lael Greer,14/03/2004,male,CL17/PSB/5332,day,,Brenden Wagner,Aunt,Software Engineer,v.harrell@datatables.net,0243002449
Martena Mccray,10/11/2005,male,CL17/PSB/5332,day,,Brielle Williamson,Mother,Integration Specialist,phobaike@gmail.com,0243002450
Michael Bruce,09/07/2007,male,CL17/PSB/5332,day,,Bruno Nash,Father,Software Engineer,v.harrell@datatables.net,0243002451
Michael Silva,06/03/2009,male,CL17/PSB/5332,day,,Caesar Vance,Brother,Pre-Sales Support,phobaike@gmail.com,0243002452
Olivia Liang,02/11/2010,male,CL17/PSB/5332,day,,Cara Stevens,Uncle,Sales Assistant,v.harrell@datatables.net,0243002453
Paul Byrd,30/06/2012,male,CL17/PSB/5332,day,,Cedric Kelly,Sister,Senior Javascript Developer,phobaike@gmail.com,0243002454
Prescott Bartlett,26/02/2014,male,CL17/PSB/5332,day,,Charde Marshall,Aunt,Regional Director,v.harrell@datatables.net,0243002455
Quinn Flynn,25/10/2015,male,CL17/PSB/5332,day,,Colleen Hurst,Mother,Javascript Developer,phobaike@gmail.com,0243002456
Rhona Davidson,22/06/2017,male,CL17/PSB/5332,day,,Dai Rios,Father,Personnel Lead,v.harrell@datatables.net,0243002457
Sakura Yamamoto,18/02/2019,male,CL17/PSB/5332,day,,Donna Snider,Brother,Customer Support,phobaike@gmail.com,0243002458
Serge Baldwin,16/10/2020,male,CL17/PSB/5332,day,,Doris Wilder,Uncle,Sales Assistant,v.harrell@datatables.net,0243002459
Shad Decker,14/06/2022,male,CL17/PSB/5332,day,,Finn Camacho,Sister,Support Engineer,phobaike@gmail.com,0243002460
Shou Itou,10/02/2024,male,CL17/PSB/5332,day,,Fiona Green,Aunt,Chief Operating Officer (COO),v.harrell@datatables.net,0243002461
Sonya Frost,08/10/2025,male,CL17/PSB/5332,day,,Garrett Winters,Mother,Accountant,phobaike@gmail.com,0243002462
Suki Burks,06/06/2027,male,CL17/PSB/5332,day,,Gavin Cortez,Father,Team Leader,v.harrell@datatables.net,0243002463
Tatyana Fitzpatrick,01/02/2029,male,CL17/PSB/5332,day,,Gavin Joyce,Brother,Developer,phobaike@gmail.com,0243002464
Thor Walton,30/09/2030,male,CL17/PSB/5332,day,,Gloria Little,Uncle,Systems Administrator,v.harrell@datatables.net,0243002465
Tiger Nixon,28/05/2032,male,CL17/PSB/5332,day,,Haley Kennedy,Sister,Senior Marketing Designer,phobaike@gmail.com,0243002466
Timothy Mooney,24/01/2034,male,CL17/PSB/5332,day,,Hermione Butler,Aunt,Regional Director,v.harrell@datatables.net,0243002467
Unity Butler,22/09/2035,male,CL17/PSB/5332,day,,Herrod Chandler,Mother,Sales Assistant,phobaike@gmail.com,0243002468
Vivian Harrell,20/05/2037,male,CL17/PSB/5332,day,,Hope Fuentes,Father,Secretary,v.harrell@datatables.net,0243002469
Yuri Berry,16/01/2039,male,CL17/PSB/5332,day,,Howard Hatfield,Brother,Office Manager,phobaike@gmail.com,0243002470
Zenaida Frank,13/09/2040,male,CL17/PSB/5332,day,,Jackson Bradshaw,Uncle,Director,v.harrell@datatables.net,0243002471
Zorita Serrano,12/05/2042,male,CL17/PSB/5332,day,,Jena Gaines,Sister,Office Manager,phobaike@gmail.com,0243002472
Herrod Chandler,08/01/2044,male,CL17/PSB/5332,day,,Jenette Caldwell,Aunt,Development Lead,v.harrell@datatables.net,0243002473